{"accuracy": [0.6823036670684814, 0.8836433291435242, 0.9314059615135193, 0.946759045124054, 0.9614216089248657, 0.9703526496887207, 0.9760611653327942, 0.9793757200241089, 0.980894923210144, 0.9853374361991882], "loss": [1.1135914325714111, 0.37394052743911743, 0.21289129555225372, 0.1611497551202774, 0.11644971370697021, 0.0890730619430542, 0.07455042004585266, 0.06449555605649948, 0.05943109095096588, 0.04721628874540329], "val_accuracy": [0.8373998999595642, 0.8954976797103882, 0.9253291487693787, 0.9455851316452026, 0.9356412887573242, 0.9463217258453369, 0.9592118859291077, 0.9445723295211792, 0.9613295197486877, 0.9542399644851685], "val_loss": [0.543978214263916, 0.32931795716285706, 0.24936234951019287, 0.17798754572868347, 0.21683527529239655, 0.18298998475074768, 0.13603399693965912, 0.20880743861198425, 0.13296136260032654, 0.18245598673820496]}